{
    "projection_matrix": [
        [
            0.751110793927722,
            0.016355759598659297,
            210.2660657765765
        ],
        [
            0.0057693288045474475,
            0.6939670623187459,
            182.59853294620052
        ],
        [
            -5.391759098791842e-06,
            2.9750836666036797e-05,
            0.8775293531577527
        ]
    ],
    "poolFocus_matrix": [
        [
            1.8138847648294203,
            0.36456991978449643,
            -852.8575383312708
        ],
        [
            0.05165487281841736,
            2.440692740670219,
            -473.8947169543652
        ],
        [
            -5.06565661967095e-06,
            0.00046401521213102197,
            1.0
        ]
    ],
    "detected_coords": [
        [
            554,
            361
        ],
        [
            522,
            584
        ],
        [
            1193,
            373
        ],
        [
            1268,
            595
        ]
    ],
    "pool_coords": [
        [
            433,
            185
        ],
        [
            311,
            792
        ],
        [
            1567,
            161
        ],
        [
            1737,
            750
        ]
    ],
    "screen_coords": [
        [
            0,
            0
        ],
        [
            0,
            1080
        ],
        [
            1920,
            0
        ],
        [
            1920,
            1080
        ]
    ],
    "projected_coords": [
        [
            450,
            500
        ],
        [
            450,
            800
        ],
        [
            1300,
            550
        ],
        [
            1350,
            850
        ]
    ],
    "camera_distortion": [
        [
            0.9849365949630737,
            -0.0036669536493718624,
            -2.3053693771362305
        ],
        [
            0.004036493133753538,
            0.986309826374054,
            11.231473922729492
        ],
        [
            -1.588228769833222e-06,
            7.315317702705215e-07,
            1.0
        ]
    ],
    "outpts": [
        [
            -709.0,
            -316.0
        ],
        [
            -701.0,
            488.0
        ],
        [
            931.0,
            -297.0
        ],
        [
            880.0,
            516.0
        ]
    ]
}