{
    "projection_matrix": [
        [
            0.6319358148456171,
            0.014945710729650669,
            307.7504905301044
        ],
        [
            0.00828680077133367,
            0.594159867995019,
            265.69910390371126
        ],
        [
            1.996208217705684e-06,
            1.596181408222103e-05,
            0.8928585746230601
        ]
    ],
    "poolFocus_matrix": [
        [
            1.9557043329696975,
            0.46640975046152344,
            -906.13442995871
        ],
        [
            0.12752057461044652,
            2.735895964369583,
            -686.7562581748053
        ],
        [
            5.1129807082360394e-05,
            0.0006067144539401652,
            1.0
        ]
    ],
    "detected_coords": [
        [
            468,
            369
        ],
        [
            414,
            626
        ],
        [
            1270,
            365
        ],
        [
            1379,
            629
        ]
    ],
    "pool_coords": [
        [
            408,
            232
        ],
        [
            263,
            840
        ],
        [
            1588,
            177
        ],
        [
            1817,
            786
        ]
    ],
    "screen_coords": [
        [
            0,
            0
        ],
        [
            0,
            1080
        ],
        [
            1920,
            0
        ],
        [
            1920,
            1080
        ]
    ],
    "projected_coords": [
        [
            450,
            500
        ],
        [
            450,
            800
        ],
        [
            1300,
            550
        ],
        [
            1350,
            850
        ]
    ],
    "camera_distortion": [
        [
            0.9849365949630737,
            -0.0036669536493718624,
            -2.3053693771362305
        ],
        [
            0.004036493133753538,
            0.986309826374054,
            11.231473922729492
        ],
        [
            -1.588228769833222e-06,
            7.315317702705215e-07,
            1.0
        ]
    ],
    "outpts": [
        [
            -606.0,
            -227.0
        ],
        [
            -598.0,
            461.0
        ],
        [
            724.0,
            -210.0
        ],
        [
            707.0,
            476.0
        ]
    ]
}